locality,year,quarter,median_price,date
ABBOTSFORD,2025,1,1310000.0,2025-01-01
ABBOTSFORD,2025,2,1295000.0,2025-04-01
ABERFELDIE,2025,1,2045000.0,2025-01-01
ABERFELDIE,2025,2,1900000.0,2025-04-01
AINTREE,2025,1,720000.0,2025-01-01
AINTREE,2025,2,750500.0,2025-04-01
AIREYS INLET,2025,1,1450000.0,2025-01-01
AIREYS INLET,2025,2,1247500.0,2025-04-01
AIRPORT WEST,2025,1,975000.0,2025-01-01
AIRPORT WEST,2025,2,915000.0,2025-04-01
ALBANVALE,2025,1,625000.0,2025-01-01
ALBANVALE,2025,2,650500.0,2025-04-01
ALBERT PARK,2025,1,2320000.0,2025-01-01
ALBERT PARK,2025,2,2085000.0,2025-04-01
ALBION,2025,1,738800.0,2025-01-01
ALBION,2025,2,750000.0,2025-04-01
ALEXANDRA,2025,1,680000.0,2025-01-01
ALEXANDRA,2025,2,535500.0,2025-04-01
ALFREDTON,2025,1,602500.0,2025-01-01
ALFREDTON,2025,2,605000.0,2025-04-01
ALLANSFORD,2025,1,837500.0,2025-01-01
ALLANSFORD,2025,2,515000.0,2025-04-01
ALPHINGTON,2025,1,1850000.0,2025-01-01
ALPHINGTON,2025,2,2025000.0,2025-04-01
ALTONA,2025,1,1220000.0,2025-01-01
ALTONA,2025,2,1168000.0,2025-04-01
ALTONA EAST,2025,1,1010000.0,2025-01-01
ALTONA EAST,2025,2,1076000.0,2025-04-01
ALTONA MEADOWS,2025,1,738500.0,2025-01-01
ALTONA MEADOWS,2025,2,730000.0,2025-04-01
ALTONA NORTH,2025,1,1003000.0,2025-01-01
ALTONA NORTH,2025,2,895000.0,2025-04-01
ANGLESEA,2025,1,1375000.0,2025-01-01
ANGLESEA,2025,2,1512500.0,2025-04-01
APOLLO BAY,2025,1,775000.0,2025-01-01
APOLLO BAY,2025,2,777500.0,2025-04-01
ARARAT,2025,1,376000.0,2025-01-01
ARARAT,2025,2,341000.0,2025-04-01
ARDEER,2025,1,695000.0,2025-01-01
ARDEER,2025,2,741500.0,2025-04-01
ARMADALE,2025,1,3330000.0,2025-01-01
ARMADALE,2025,2,2055000.0,2025-04-01
ARMSTRONG CREEK,2025,1,648000.0,2025-01-01
ARMSTRONG CREEK,2025,2,670000.0,2025-04-01
ASCOT (GREATER BENDIGO),2025,1,622500.0,2025-01-01
ASCOT (GREATER BENDIGO),2025,2,630000.0,2025-04-01
ASCOT VALE,2025,1,1406500.0,2025-01-01
ASCOT VALE,2025,2,1275000.0,2025-04-01
ASHBURTON,2025,1,1852000.0,2025-01-01
ASHBURTON,2025,2,1905000.0,2025-04-01
ASHWOOD,2025,1,1510000.0,2025-01-01
ASHWOOD,2025,2,1570000.0,2025-04-01
ASPENDALE,2025,1,1300000.0,2025-01-01
ASPENDALE,2025,2,1342500.0,2025-04-01
ASPENDALE GARDENS,2025,1,1225000.0,2025-01-01
ASPENDALE GARDENS,2025,2,1265000.0,2025-04-01
ATTWOOD,2025,1,785000.0,2025-01-01
ATTWOOD,2025,2,739000.0,2025-04-01
AVENEL,2025,1,569000.0,2025-01-01
AVENEL,2025,2,1150000.0,2025-04-01
AVOCA,2025,1,380000.0,2025-01-01
AVOCA,2025,2,415000.0,2025-04-01
AVONDALE HEIGHTS,2025,1,935000.0,2025-01-01
AVONDALE HEIGHTS,2025,2,990000.0,2025-04-01
BACCHUS MARSH,2025,1,620000.0,2025-01-01
BACCHUS MARSH,2025,2,617000.0,2025-04-01
BADGER CREEK,2025,1,697500.0,2025-01-01
BADGER CREEK,2025,2,673000.0,2025-04-01
BAIRNSDALE,2025,1,450000.0,2025-01-01
BAIRNSDALE,2025,2,430000.0,2025-04-01
BALACLAVA,2025,1,1450000.0,2025-01-01
BALACLAVA,2025,2,1150000.0,2025-04-01
BALCOMBE,2025,1,1590000.0,2025-01-01
BALCOMBE,2025,2,1616500.0,2025-04-01
BALLAN,2025,1,622500.0,2025-01-01
BALLAN,2025,2,568500.0,2025-04-01
BALLARAT CENTRAL,2025,1,635000.0,2025-01-01
BALLARAT CENTRAL,2025,2,575000.0,2025-04-01
BALLARAT EAST,2025,1,500000.0,2025-01-01
BALLARAT EAST,2025,2,510000.0,2025-04-01
BALLARAT NORTH,2025,1,515000.0,2025-01-01
BALLARAT NORTH,2025,2,530000.0,2025-04-01
BALNARRING,2025,1,1280000.0,2025-01-01
BALNARRING,2025,2,1515000.0,2025-04-01
BALNARRING BEACH,2025,1,1325000.0,2025-01-01
BALNARRING BEACH,2025,2,1680000.0,2025-04-01
BALWYN,2025,1,3100000.0,2025-01-01
BALWYN,2025,2,3128000.0,2025-04-01
BALWYN NORTH,2025,1,2359500.0,2025-01-01
BALWYN NORTH,2025,2,2100000.0,2025-04-01
BANDIANA,2025,1,629000.0,2025-01-01
BANDIANA,2025,2,620000.0,2025-04-01
BANNOCKBURN,2025,1,699000.0,2025-01-01
BANNOCKBURN,2025,2,707000.0,2025-04-01
BARANDUDA,2025,1,585000.0,2025-01-01
BARANDUDA,2025,2,625000.0,2025-04-01
BARWON HEADS,2025,1,1465000.0,2025-01-01
BARWON HEADS,2025,2,1455000.0,2025-04-01
BAXTER,2025,1,752500.0,2025-01-01
BAXTER,2025,2,740000.0,2025-04-01
BAYSWATER,2025,1,861000.0,2025-01-01
BAYSWATER,2025,2,891700.0,2025-04-01
BAYSWATER NORTH,2025,1,910000.0,2025-01-01
BAYSWATER NORTH,2025,2,920000.0,2025-04-01
BEACONSFIELD,2025,1,816300.0,2025-01-01
BEACONSFIELD,2025,2,960000.0,2025-04-01
BEACONSFIELD UPPER,2025,1,1552500.0,2025-01-01
BEACONSFIELD UPPER,2025,2,1215600.0,2025-04-01
BEAUFORT,2025,1,395000.0,2025-01-01
BEAUFORT,2025,2,390000.0,2025-04-01
BEAUMARIS,2025,1,1943000.0,2025-01-01
BEAUMARIS,2025,2,2130000.0,2025-04-01
BEEAC,2024,2,687500.0,2024-04-01
BEEAC,2024,3,380000.0,2024-07-01
BEECHWORTH,2025,1,790000.0,2025-01-01
BEECHWORTH,2025,2,890000.0,2025-04-01
BELGRAVE,2025,1,860000.0,2025-01-01
BELGRAVE,2025,2,760000.0,2025-04-01
BELGRAVE HEIGHTS,2025,1,1053100.0,2025-01-01
BELGRAVE HEIGHTS,2025,2,1129000.0,2025-04-01
BELL PARK,2025,1,645000.0,2025-01-01
BELL PARK,2025,2,620000.0,2025-04-01
BELL POST HILL,2025,1,650000.0,2025-01-01
BELL POST HILL,2025,2,661300.0,2025-04-01
BELLFIELD (BANYULE),2025,1,1050000.0,2025-01-01
BELLFIELD (BANYULE),2025,2,991000.0,2025-04-01
BELMONT,2025,1,670000.0,2025-01-01
BELMONT,2025,2,686000.0,2025-04-01
BENALLA,2025,1,465000.0,2025-01-01
BENALLA,2025,2,457500.0,2025-04-01
BENDIGO,2025,1,600000.0,2025-01-01
BENDIGO,2025,2,640000.0,2025-04-01
BENTLEIGH,2025,1,1690000.0,2025-01-01
BENTLEIGH,2025,2,1750000.0,2025-04-01
BENTLEIGH EAST,2025,1,1445000.0,2025-01-01
BENTLEIGH EAST,2025,2,1550000.0,2025-04-01
BERWICK,2025,1,900000.0,2025-01-01
BERWICK,2025,2,870000.0,2025-04-01
BEVERIDGE,2025,1,622000.0,2025-01-01
BEVERIDGE,2025,2,650000.0,2025-04-01
BIRCHIP,2025,1,282500.0,2025-01-01
BIRCHIP,2025,2,242500.0,2025-04-01
BIRREGURRA,2025,1,605000.0,2025-01-01
BIRREGURRA,2025,2,775500.0,2025-04-01
BITTERN,2025,1,905000.0,2025-01-01
BITTERN,2025,2,840000.0,2025-04-01
BLACK HILL,2025,1,527500.0,2025-01-01
BLACK HILL,2025,2,495000.0,2025-04-01
BLACK ROCK,2025,1,2620000.0,2025-01-01
BLACK ROCK,2025,2,2280000.0,2025-04-01
BLACKBURN,2025,1,1638000.0,2025-01-01
BLACKBURN,2025,2,1673800.0,2025-04-01
BLACKBURN NORTH,2025,1,1399000.0,2025-01-01
BLACKBURN NORTH,2025,2,1350000.0,2025-04-01
BLACKBURN SOUTH,2025,1,1422300.0,2025-01-01
BLACKBURN SOUTH,2025,2,1373000.0,2025-04-01
BLAIRGOWRIE,2025,1,1350000.0,2025-01-01
BLAIRGOWRIE,2025,2,1632500.0,2025-04-01
BLIND BIGHT,2025,1,830000.0,2025-01-01
BLIND BIGHT,2025,2,722500.0,2025-04-01
BONBEACH,2025,1,1035000.0,2025-01-01
BONBEACH,2025,2,1107500.0,2025-04-01
BONNIE BROOK,2025,1,647900.0,2025-01-01
BONNIE BROOK,2025,2,655000.0,2025-04-01
BONNIE DOON,2024,2,785000.0,2024-04-01
BONNIE DOON,2024,3,675000.0,2024-07-01
BONSHAW,2025,1,545000.0,2025-01-01
BONSHAW,2025,2,560000.0,2025-04-01
BOORT,2025,1,330000.0,2025-01-01
BOORT,2025,2,300000.0,2025-04-01
BORONIA,2025,1,861000.0,2025-01-01
BORONIA,2025,2,860900.0,2025-04-01
BOTANIC RIDGE,2025,1,910000.0,2025-01-01
BOTANIC RIDGE,2025,2,852500.0,2025-04-01
BOX HILL,2025,1,1725000.0,2025-01-01
BOX HILL,2025,2,1698000.0,2025-04-01
BOX HILL NORTH,2025,1,1370000.0,2025-01-01
BOX HILL NORTH,2025,2,1429000.0,2025-04-01
BOX HILL SOUTH,2025,1,1350000.0,2025-01-01
BOX HILL SOUTH,2025,2,1493000.0,2025-04-01
BRAYBROOK,2025,1,760000.0,2025-01-01
BRAYBROOK,2025,2,743000.0,2025-04-01
BREAKWATER,2025,1,500000.0,2025-01-01
BREAKWATER,2025,2,602500.0,2025-04-01
BRIAR HILL,2025,1,1127800.0,2025-01-01
BRIAR HILL,2025,2,960000.0,2025-04-01
BRIGHT,2025,1,850000.0,2025-01-01
BRIGHT,2025,2,1065000.0,2025-04-01
BRIGHTON,2025,1,3333500.0,2025-01-01
BRIGHTON,2025,2,3550000.0,2025-04-01
BRIGHTON EAST,2025,1,2325000.0,2025-01-01
BRIGHTON EAST,2025,2,2050000.0,2025-04-01
BROADFORD,2025,1,562500.0,2025-01-01
BROADFORD,2025,2,590000.0,2025-04-01
BROADMEADOWS,2025,1,610000.0,2025-01-01
BROADMEADOWS,2025,2,620000.0,2025-04-01
BROOKFIELD,2025,1,565000.0,2025-01-01
BROOKFIELD,2025,2,590000.0,2025-04-01
BROOKLYN,2025,1,857500.0,2025-01-01
BROOKLYN,2025,2,715000.0,2025-04-01
BROWN HILL,2025,1,610000.0,2025-01-01
BROWN HILL,2025,2,656300.0,2025-04-01
BRUNSWICK,2025,1,1320000.0,2025-01-01
BRUNSWICK,2025,2,1280000.0,2025-04-01
BRUNSWICK EAST,2025,1,1647500.0,2025-01-01
BRUNSWICK EAST,2025,2,1335000.0,2025-04-01
BRUNSWICK WEST,2025,1,1282500.0,2025-01-01
BRUNSWICK WEST,2025,2,1332500.0,2025-04-01
BRUTHEN,2024,1,529000.0,2024-01-01
BRUTHEN,2024,2,282300.0,2024-04-01
BULLEEN,2025,1,1365000.0,2025-01-01
BULLEEN,2025,2,1380000.0,2025-04-01
BUNDALONG,2024,2,720000.0,2024-04-01
BUNDALONG,2024,3,750000.0,2024-07-01
BUNDOORA,2025,1,882000.0,2025-01-01
BUNDOORA,2025,2,866400.0,2025-04-01
BUNINYONG,2025,1,725000.0,2025-01-01
BUNINYONG,2025,2,730000.0,2025-04-01
BUNYIP,2025,1,758000.0,2025-01-01
BUNYIP,2025,2,791500.0,2025-04-01
BURNLEY,2024,2,1488000.0,2024-04-01
BURNLEY,2024,3,1488000.0,2024-07-01
BURNSIDE,2025,1,860000.0,2025-01-01
BURNSIDE,2025,2,797500.0,2025-04-01
BURNSIDE HEIGHTS,2025,1,730000.0,2025-01-01
BURNSIDE HEIGHTS,2025,2,780000.0,2025-04-01
BURWOOD,2025,1,1594400.0,2025-01-01
BURWOOD,2025,2,1581000.0,2025-04-01
BURWOOD EAST,2025,1,1282500.0,2025-01-01
BURWOOD EAST,2025,2,1335000.0,2025-04-01
CAIRNLEA,2025,1,897000.0,2025-01-01
CAIRNLEA,2025,2,835900.0,2025-04-01
CALIFORNIA GULLY,2025,1,443500.0,2025-01-01
CALIFORNIA GULLY,2025,2,515000.0,2025-04-01
CAMBERWELL,2025,1,2725000.0,2025-01-01
CAMBERWELL,2025,2,2460000.0,2025-04-01
CAMPBELLFIELD,2025,1,643000.0,2025-01-01
CAMPBELLFIELD,2025,2,678500.0,2025-04-01
CAMPBELLS CREEK,2025,1,799000.0,2025-01-01
CAMPBELLS CREEK,2025,2,730000.0,2025-04-01
CAMPERDOWN,2025,1,461300.0,2025-01-01
CAMPERDOWN,2025,2,435000.0,2025-04-01
CANADIAN,2025,1,550000.0,2025-01-01
CANADIAN,2025,2,520000.0,2025-04-01
CANTERBURY,2025,1,4387500.0,2025-01-01
CANTERBURY,2025,2,3544000.0,2025-04-01
CAPE PATERSON,2025,1,692500.0,2025-01-01
CAPE PATERSON,2025,2,745000.0,2025-04-01
CAPE SCHANCK,2025,1,1635000.0,2025-01-01
CAPE SCHANCK,2025,2,1370000.0,2025-04-01
CAPEL SOUND,2025,1,705000.0,2025-01-01
CAPEL SOUND,2025,2,780000.0,2025-04-01
CARDIGAN,2024,2,1300000.0,2024-04-01
CARDIGAN,2024,3,1360000.0,2024-07-01
CARDIGAN VILLAGE,2025,1,410000.0,2025-01-01
CARDIGAN VILLAGE,2025,2,484000.0,2025-04-01
CARISBROOK,2025,1,432500.0,2025-01-01
CARISBROOK,2025,2,417000.0,2025-04-01
CARLTON,2025,1,1360000.0,2025-01-01
CARLTON,2025,2,1761500.0,2025-04-01
CARLTON NORTH,2025,1,1730000.0,2025-01-01
CARLTON NORTH,2025,2,1826000.0,2025-04-01
CARNEGIE,2025,1,1720000.0,2025-01-01
CARNEGIE,2025,2,1810000.0,2025-04-01
CAROLINE SPRINGS,2025,1,750000.0,2025-01-01
CAROLINE SPRINGS,2025,2,750000.0,2025-04-01
CARRUM,2025,1,881000.0,2025-01-01
CARRUM,2025,2,1100500.0,2025-04-01
CARRUM DOWNS,2025,1,745000.0,2025-01-01
CARRUM DOWNS,2025,2,775000.0,2025-04-01
CASTERTON,2025,1,375000.0,2025-01-01
CASTERTON,2025,2,269000.0,2025-04-01
CASTLEMAINE,2025,1,782500.0,2025-01-01
CASTLEMAINE,2025,2,720000.0,2025-04-01
CAULFIELD,2025,1,2080000.0,2025-01-01
CAULFIELD,2025,2,2685000.0,2025-04-01
CAULFIELD EAST,2025,1,1819000.0,2025-01-01
CAULFIELD EAST,2025,2,1819000.0,2025-04-01
CAULFIELD NORTH,2025,1,2562500.0,2025-01-01
CAULFIELD NORTH,2025,2,2296500.0,2025-04-01
CAULFIELD SOUTH,2025,1,1770000.0,2025-01-01
CAULFIELD SOUTH,2025,2,2068500.0,2025-04-01
CHADSTONE,2025,1,1190000.0,2025-01-01
CHADSTONE,2025,2,1200000.0,2025-04-01
CHARLEMONT,2025,1,600000.0,2025-01-01
CHARLEMONT,2025,2,651000.0,2025-04-01
CHARLTON,2025,1,265000.0,2025-01-01
CHARLTON,2025,2,250000.0,2025-04-01
CHELSEA,2025,1,985100.0,2025-01-01
CHELSEA,2025,2,1137500.0,2025-04-01
CHELSEA HEIGHTS,2025,1,985000.0,2025-01-01
CHELSEA HEIGHTS,2025,2,1008500.0,2025-04-01
CHELTENHAM,2025,1,1260500.0,2025-01-01
CHELTENHAM,2025,2,1302500.0,2025-04-01
CHELTENHAM EAST,2025,1,1220000.0,2025-01-01
CHELTENHAM EAST,2025,2,1130000.0,2025-04-01
CHELTENHAM NORTH,2025,1,1100000.0,2025-01-01
CHELTENHAM NORTH,2025,2,1042500.0,2025-04-01
CHEWTON,2025,1,600000.0,2025-01-01
CHEWTON,2025,2,1075000.0,2025-04-01
CHILTERN,2025,1,465000.0,2025-01-01
CHILTERN,2025,2,660000.0,2025-04-01
CHIRNSIDE PARK,2025,1,900000.0,2025-01-01
CHIRNSIDE PARK,2025,2,940000.0,2025-04-01
CHUM CREEK,2025,1,761000.0,2025-01-01
CHUM CREEK,2025,2,712500.0,2025-04-01
CHURCHILL,2025,1,374500.0,2025-01-01
CHURCHILL,2025,2,365000.0,2025-04-01
CLARINDA,2025,1,1101000.0,2025-01-01
CLARINDA,2025,2,1050000.0,2025-04-01
CLAYTON,2025,1,1225000.0,2025-01-01
CLAYTON,2025,2,1290000.0,2025-04-01
CLAYTON NORTH,2025,1,1447500.0,2025-01-01
CLAYTON NORTH,2025,2,1331000.0,2025-04-01
CLAYTON SOUTH,2025,1,986000.0,2025-01-01
CLAYTON SOUTH,2025,2,994900.0,2025-04-01
CLEMATIS,2025,1,955000.0,2025-01-01
CLEMATIS,2025,2,873500.0,2025-04-01
CLIFTON HILL,2025,1,1778800.0,2025-01-01
CLIFTON HILL,2025,2,1735000.0,2025-04-01
CLIFTON SPRINGS,2025,1,640500.0,2025-01-01
CLIFTON SPRINGS,2025,2,667500.0,2025-04-01
CLUNES,2025,1,440000.0,2025-01-01
CLUNES,2025,2,415000.0,2025-04-01
CLYDE,2025,1,690000.0,2025-01-01
CLYDE,2025,2,700000.0,2025-04-01
CLYDE NORTH,2025,1,745000.0,2025-01-01
CLYDE NORTH,2025,2,735500.0,2025-04-01
COBBLEBANK,2025,1,629000.0,2025-01-01
COBBLEBANK,2025,2,602500.0,2025-04-01
COBDEN,2025,1,367500.0,2025-01-01
COBDEN,2025,2,410000.0,2025-04-01
COBRAM,2025,1,425000.0,2025-01-01
COBRAM,2025,2,445000.0,2025-04-01
COBURG,2025,1,1250000.0,2025-01-01
COBURG,2025,2,1210000.0,2025-04-01
COBURG EAST,2025,1,1030000.0,2025-01-01
COBURG EAST,2025,2,1145000.0,2025-04-01
COBURG NORTH,2025,1,975000.0,2025-01-01
COBURG NORTH,2025,2,1212000.0,2025-04-01
COCKATOO,2025,1,725000.0,2025-01-01
COCKATOO,2025,2,685000.0,2025-04-01
COHUNA,2025,1,362500.0,2025-01-01
COHUNA,2025,2,320000.0,2025-04-01
COLAC,2025,1,460000.0,2025-01-01
COLAC,2025,2,480000.0,2025-04-01
COLDSTREAM,2025,1,800000.0,2025-01-01
COLDSTREAM,2025,2,840000.0,2025-04-01
COLERAINE,2025,1,245000.0,2025-01-01
COLERAINE,2025,2,245000.0,2025-04-01
COLLINGWOOD,2025,1,1200000.0,2025-01-01
COLLINGWOOD,2025,2,1403500.0,2025-04-01
CONNEWARRE,2025,1,1925000.0,2025-01-01
CONNEWARRE,2025,2,2200000.0,2025-04-01
COOLAROO,2025,1,601500.0,2025-01-01
COOLAROO,2025,2,601300.0,2025-04-01
COONANS HILL,2025,1,1545000.0,2025-01-01
COONANS HILL,2025,2,1125000.0,2025-04-01
CORINELLA,2025,1,643000.0,2025-01-01
CORINELLA,2025,2,670000.0,2025-04-01
CORIO,2025,1,480000.0,2025-01-01
CORIO,2025,2,513500.0,2025-04-01
CORONET BAY,2025,1,535000.0,2025-01-01
CORONET BAY,2025,2,505000.0,2025-04-01
CORRYONG,2025,1,440000.0,2025-01-01
CORRYONG,2025,2,400000.0,2025-04-01
COWES,2025,1,775000.0,2025-01-01
COWES,2025,2,820000.0,2025-04-01
COWES WEST,2025,1,672500.0,2025-01-01
COWES WEST,2025,2,692500.0,2025-04-01
CRAIGIEBURN,2025,1,678000.0,2025-01-01
CRAIGIEBURN,2025,2,700000.0,2025-04-01
CRANBOURNE,2025,1,659300.0,2025-01-01
CRANBOURNE,2025,2,713500.0,2025-04-01
CRANBOURNE EAST,2025,1,725000.0,2025-01-01
CRANBOURNE EAST,2025,2,730000.0,2025-04-01
CRANBOURNE NORTH,2025,1,732500.0,2025-01-01
CRANBOURNE NORTH,2025,2,770500.0,2025-04-01
CRANBOURNE SOUTH,2025,1,700000.0,2025-01-01
CRANBOURNE SOUTH,2025,2,700000.0,2025-04-01
CRANBOURNE WEST,2025,1,700000.0,2025-01-01
CRANBOURNE WEST,2025,2,700000.0,2025-04-01
CREMORNE,2025,1,1310000.0,2025-01-01
CREMORNE,2025,2,1187500.0,2025-04-01
CRESWICK,2025,1,575000.0,2025-01-01
CRESWICK,2025,2,550000.0,2025-04-01
CRIB POINT,2025,1,710000.0,2025-01-01
CRIB POINT,2025,2,835000.0,2025-04-01
CROYDON,2025,1,900000.0,2025-01-01
CROYDON,2025,2,882500.0,2025-04-01
CROYDON HILLS,2025,1,1131200.0,2025-01-01
CROYDON HILLS,2025,2,1152000.0,2025-04-01
CROYDON NORTH,2025,1,968000.0,2025-01-01
CROYDON NORTH,2025,2,1110500.0,2025-04-01
CROYDON SOUTH,2025,1,917000.0,2025-01-01
CROYDON SOUTH,2025,2,967500.0,2025-04-01
CURLEWIS,2025,1,640800.0,2025-01-01
CURLEWIS,2025,2,630000.0,2025-04-01
DALLAS,2025,1,519000.0,2025-01-01
DALLAS,2025,2,561000.0,2025-04-01
DALYSTON,2025,1,553500.0,2025-01-01
DALYSTON,2025,2,500000.0,2025-04-01
DANDENONG,2025,1,725500.0,2025-01-01
DANDENONG,2025,2,755000.0,2025-04-01
DANDENONG NORTH,2025,1,750000.0,2025-01-01
DANDENONG NORTH,2025,2,790000.0,2025-04-01
DARLEY,2025,1,645000.0,2025-01-01
DARLEY,2025,2,580000.0,2025-04-01
DAYLESFORD,2025,1,960000.0,2025-01-01
DAYLESFORD,2025,2,700000.0,2025-04-01
DEANSIDE,2025,1,676000.0,2025-01-01
DEANSIDE,2025,2,675000.0,2025-04-01
DEEPDENE,2025,1,2592500.0,2025-01-01
DEEPDENE,2025,2,3450000.0,2025-04-01
DEER PARK,2025,1,671000.0,2025-01-01
DEER PARK,2025,2,680000.0,2025-04-01
DELACOMBE,2025,1,513500.0,2025-01-01
DELACOMBE,2025,2,545000.0,2025-04-01
DELAHEY,2025,1,671000.0,2025-01-01
DELAHEY,2025,2,689000.0,2025-04-01
DENNINGTON,2025,1,617300.0,2025-01-01
DENNINGTON,2025,2,610000.0,2025-04-01
DERRIMUT,2025,1,805000.0,2025-01-01
DERRIMUT,2025,2,807000.0,2025-04-01
DIAMOND CREEK,2025,1,1025000.0,2025-01-01
DIAMOND CREEK,2025,2,1020000.0,2025-04-01
DIGGERS REST,2025,1,615000.0,2025-01-01
DIGGERS REST,2025,2,675000.0,2025-04-01
DIMBOOLA,2025,1,250000.0,2025-01-01
DIMBOOLA,2025,2,252500.0,2025-04-01
DINGLEY VILLAGE,2025,1,1055000.0,2025-01-01
DINGLEY VILLAGE,2025,2,1194000.0,2025-04-01
DONALD,2025,1,260000.0,2025-01-01
DONALD,2025,2,350000.0,2025-04-01
DONCASTER,2025,1,1520000.0,2025-01-01
DONCASTER,2025,2,1554000.0,2025-04-01
DONCASTER EAST,2025,1,1525000.0,2025-01-01
DONCASTER EAST,2025,2,1552500.0,2025-04-01
DONNYBROOK,2025,1,650400.0,2025-01-01
DONNYBROOK,2025,2,645000.0,2025-04-01
DONVALE,2025,1,1460000.0,2025-01-01
DONVALE,2025,2,1525000.0,2025-04-01
DOREEN,2025,1,771000.0,2025-01-01
DOREEN,2025,2,753000.0,2025-04-01
DOVETON,2025,1,606800.0,2025-01-01
DOVETON,2025,2,630000.0,2025-04-01
DROMANA,2025,1,950000.0,2025-01-01
DROMANA,2025,2,1000000.0,2025-04-01
DROUIN,2025,1,625000.0,2025-01-01
DROUIN,2025,2,638300.0,2025-04-01
DRYSDALE,2025,1,633800.0,2025-01-01
DRYSDALE,2025,2,745000.0,2025-04-01
DUNKELD,2025,1,440000.0,2025-01-01
DUNKELD,2025,2,417500.0,2025-04-01
DUNOLLY,2024,2,347500.0,2024-04-01
DUNOLLY,2024,3,322500.0,2024-07-01
EAGLE POINT,2025,1,637500.0,2025-01-01
EAGLE POINT,2025,2,557500.0,2025-04-01
EAGLEHAWK,2025,1,531300.0,2025-01-01
EAGLEHAWK,2025,2,580000.0,2025-04-01
EAGLEMONT,2025,1,3010000.0,2025-01-01
EAGLEMONT,2025,2,2120500.0,2025-04-01
EAST BAIRNSDALE,2025,1,335000.0,2025-01-01
EAST BAIRNSDALE,2025,2,362500.0,2025-04-01
EAST BENDIGO,2025,1,502500.0,2025-01-01
EAST BENDIGO,2025,2,510000.0,2025-04-01
EAST GEELONG,2025,1,746300.0,2025-01-01
EAST GEELONG,2025,2,790000.0,2025-04-01
EAST MELBOURNE,2025,1,1702000.0,2025-01-01
EAST MELBOURNE,2025,2,2400000.0,2025-04-01
EAST WARBURTON,2025,1,600000.0,2025-01-01
EAST WARBURTON,2025,2,695000.0,2025-04-01
EASTWOOD,2025,1,632500.0,2025-01-01
EASTWOOD,2025,2,590000.0,2025-04-01
ECHUCA,2025,1,579000.0,2025-01-01
ECHUCA,2025,2,631300.0,2025-04-01
EDENHOPE,2025,1,307500.0,2025-01-01
EDENHOPE,2025,2,240000.0,2025-04-01
EDITHVALE,2025,1,1379900.0,2025-01-01
EDITHVALE,2025,2,1217500.0,2025-04-01
EILDON,2025,1,457500.0,2025-01-01
EILDON,2025,2,322500.0,2025-04-01
ELLIMINYT,2025,1,612500.0,2025-01-01
ELLIMINYT,2025,2,735000.0,2025-04-01
ELMORE,2025,1,455000.0,2025-01-01
ELMORE,2025,2,435000.0,2025-04-01
ELSTERNWICK,2025,1,2030000.0,2025-01-01
ELSTERNWICK,2025,2,1902000.0,2025-04-01
ELTHAM,2025,1,1200000.0,2025-01-01
ELTHAM,2025,2,1263500.0,2025-04-01
ELTHAM NORTH,2025,1,1216000.0,2025-01-01
ELTHAM NORTH,2025,2,1331000.0,2025-04-01
ELWOOD,2025,1,2542500.0,2025-01-01
ELWOOD,2025,2,2305000.0,2025-04-01
EMERALD,2025,1,937000.0,2025-01-01
EMERALD,2025,2,922500.0,2025-04-01
ENDEAVOUR HILLS,2025,1,802500.0,2025-01-01
ENDEAVOUR HILLS,2025,2,795000.0,2025-04-01
EPPING,2025,1,652000.0,2025-01-01
EPPING,2025,2,723000.0,2025-04-01
EPSOM,2025,1,585000.0,2025-01-01
EPSOM,2025,2,632500.0,2025-04-01
ESSENDON,2025,1,1560000.0,2025-01-01
ESSENDON,2025,2,1655000.0,2025-04-01
ESSENDON NORTH,2025,1,1180000.0,2025-01-01
ESSENDON NORTH,2025,2,981000.0,2025-04-01
ESSENDON WEST,2025,1,1525000.0,2025-01-01
ESSENDON WEST,2025,2,1581300.0,2025-04-01
EUMEMMERRING,2025,1,690000.0,2025-01-01
EUMEMMERRING,2025,2,720000.0,2025-04-01
EUREKA,2025,1,500000.0,2025-01-01
EUREKA,2025,2,337000.0,2025-04-01
EUROA,2025,1,480000.0,2025-01-01
EUROA,2025,2,465000.0,2025-04-01
EYNESBURY,2025,1,750000.0,2025-01-01
EYNESBURY,2025,2,704500.0,2025-04-01
FAIRFIELD,2025,1,1647000.0,2025-01-01
FAIRFIELD,2025,2,2050000.0,2025-04-01
FAIRHAVEN,2025,1,2306500.0,2025-01-01
FAIRHAVEN,2025,2,1725000.0,2025-04-01
FAWKNER,2025,1,812000.0,2025-01-01
FAWKNER,2025,2,801000.0,2025-04-01
FERNTREE GULLY,2025,1,902000.0,2025-01-01
FERNTREE GULLY,2025,2,897100.0,2025-04-01
FERNY CREEK,2025,1,1012000.0,2025-01-01
FERNY CREEK,2025,2,1020000.0,2025-04-01
FINGAL,2025,1,1242500.0,2025-01-01
FINGAL,2025,2,1870000.0,2025-04-01
FITZROY,2025,1,1635000.0,2025-01-01
FITZROY,2025,2,1815000.0,2025-04-01
FITZROY NORTH,2025,1,1415000.0,2025-01-01
FITZROY NORTH,2025,2,1790500.0,2025-04-01
FIVEWAYS,2025,1,875000.0,2025-01-01
FIVEWAYS,2025,2,680000.0,2025-04-01
FLEMINGTON,2025,1,1140300.0,2025-01-01
FLEMINGTON,2025,2,1165500.0,2025-04-01
FLINDERS,2025,1,3250000.0,2025-01-01
FLINDERS,2025,2,1610000.0,2025-04-01
FLORA HILL,2025,1,520500.0,2025-01-01
FLORA HILL,2025,2,634000.0,2025-04-01
FOOTSCRAY,2025,1,955000.0,2025-01-01
FOOTSCRAY,2025,2,880000.0,2025-04-01
FOREST HILL,2025,1,1220000.0,2025-01-01
FOREST HILL,2025,2,1180000.0,2025-04-01
FOSTER,2025,1,485000.0,2025-01-01
FOSTER,2025,2,620000.0,2025-04-01
FRANKSTON,2025,1,750000.0,2025-01-01
FRANKSTON,2025,2,810000.0,2025-04-01
FRANKSTON NORTH,2025,1,625000.0,2025-01-01
FRANKSTON NORTH,2025,2,670000.0,2025-04-01
FRANKSTON SOUTH,2025,1,1180000.0,2025-01-01
FRANKSTON SOUTH,2025,2,1190000.0,2025-04-01
FRASER RISE,2025,1,700000.0,2025-01-01
FRASER RISE,2025,2,695000.0,2025-04-01
FYANSFORD,2025,1,965000.0,2025-01-01
FYANSFORD,2025,2,955000.0,2025-04-01
GARDEN CITY,2025,1,2214000.0,2025-01-01
GARDEN CITY,2025,2,1875000.0,2025-04-01
GARDENVALE,2025,1,2221000.0,2025-01-01
GARDENVALE,2025,2,1764000.0,2025-04-01
GARFIELD,2025,1,862500.0,2025-01-01
GARFIELD,2025,2,847500.0,2025-04-01
GEELONG,2025,1,915000.0,2025-01-01
GEELONG,2025,2,865500.0,2025-04-01
GEELONG WEST,2025,1,910000.0,2025-01-01
GEELONG WEST,2025,2,810000.0,2025-04-01
GEMBROOK,2025,1,1012300.0,2025-01-01
GEMBROOK,2025,2,704300.0,2025-04-01
GISBORNE,2025,1,1065000.0,2025-01-01
GISBORNE,2025,2,927500.0,2025-04-01
GLADSTONE PARK,2025,1,805000.0,2025-01-01
GLADSTONE PARK,2025,2,752000.0,2025-04-01
GLEN HUNTLY,2025,1,1907000.0,2025-01-01
GLEN HUNTLY,2025,2,1517500.0,2025-04-01
GLEN IRIS,2025,1,2185000.0,2025-01-01
GLEN IRIS,2025,2,2715000.0,2025-04-01
GLEN WAVERLEY,2025,1,1632900.0,2025-01-01
GLEN WAVERLEY,2025,2,1710000.0,2025-04-01
GLENGARRY,2024,1,790000.0,2024-01-01
GLENGARRY,2024,2,445000.0,2024-04-01
GLENROWAN,2025,1,580000.0,2025-01-01
GLENROWAN,2025,2,680000.0,2025-04-01
GLENROY,2025,1,865000.0,2025-01-01
GLENROY,2025,2,825000.0,2025-04-01
GOLDEN BEACH,2025,1,335000.0,2025-01-01
GOLDEN BEACH,2025,2,400000.0,2025-04-01
GOLDEN POINT (BALLARAT),2025,1,476000.0,2025-01-01
GOLDEN POINT (BALLARAT),2025,2,525000.0,2025-04-01
GOLDEN SQUARE,2025,1,525000.0,2025-01-01
GOLDEN SQUARE,2025,2,550000.0,2025-04-01
GORDON,2024,2,599000.0,2024-04-01
GORDON,2024,3,600000.0,2024-07-01
GOUGHS BAY,2024,2,537500.0,2024-04-01
GOUGHS BAY,2024,3,537500.0,2024-07-01
GOWANBRAE,2025,1,992500.0,2025-01-01
GOWANBRAE,2025,2,880000.0,2025-04-01
GRANTVILLE,2025,1,588000.0,2025-01-01
GRANTVILLE,2025,2,605000.0,2025-04-01
GREEN LAKE,2025,1,556000.0,2025-01-01
GREEN LAKE,2025,2,442500.0,2025-04-01
GREENSBOROUGH,2025,1,1023300.0,2025-01-01
GREENSBOROUGH,2025,2,1028500.0,2025-04-01
GREENVALE,2025,1,867500.0,2025-01-01
GREENVALE,2025,2,882500.0,2025-04-01
GROVEDALE,2025,1,650000.0,2025-01-01
GROVEDALE,2025,2,675000.0,2025-04-01
GUNBOWER,2024,2,220000.0,2024-04-01
GUNBOWER,2024,3,276000.0,2024-07-01
HADFIELD,2025,1,901000.0,2025-01-01
HADFIELD,2025,2,816000.0,2025-04-01
HALLAM,2025,1,752500.0,2025-01-01
HALLAM,2025,2,740000.0,2025-04-01
HALLS GAP,2024,2,611000.0,2024-04-01
HALLS GAP,2024,3,609000.0,2024-07-01
HAMILTON,2025,1,420000.0,2025-01-01
HAMILTON,2025,2,389000.0,2025-04-01
HAMLYN HEIGHTS,2025,1,743500.0,2025-01-01
HAMLYN HEIGHTS,2025,2,722500.0,2025-04-01
HAMPTON,2025,1,2310000.0,2025-01-01
HAMPTON,2025,2,2225000.0,2025-04-01
HAMPTON EAST,2025,1,1454500.0,2025-01-01
HAMPTON EAST,2025,2,1605000.0,2025-04-01
HAMPTON PARK,2025,1,660000.0,2025-01-01
HAMPTON PARK,2025,2,675000.0,2025-04-01
HARCOURT,2025,1,360000.0,2025-01-01
HARCOURT,2025,2,500000.0,2025-04-01
HARKNESS,2025,1,563000.0,2025-01-01
HARKNESS,2025,2,590000.0,2025-04-01
HASTINGS,2025,1,672500.0,2025-01-01
HASTINGS,2025,2,725000.0,2025-04-01
HASTINGS WEST,2025,1,652500.0,2025-01-01
HASTINGS WEST,2025,2,665000.0,2025-04-01
HAWTHORN,2025,1,3137500.0,2025-01-01
HAWTHORN,2025,2,2692500.0,2025-04-01
HAWTHORN EAST,2025,1,2585500.0,2025-01-01
HAWTHORN EAST,2025,2,2500000.0,2025-04-01
HEALESVILLE,2025,1,790000.0,2025-01-01
HEALESVILLE,2025,2,792500.0,2025-04-01
HEATHCOTE,2025,1,468000.0,2025-01-01
HEATHCOTE,2025,2,460000.0,2025-04-01
HEATHERTON,2025,1,1050000.0,2025-01-01
HEATHERTON,2025,2,1065000.0,2025-04-01
HEATHMONT,2025,1,1115000.0,2025-01-01
HEATHMONT,2025,2,1065500.0,2025-04-01
HEIDELBERG,2025,1,1437500.0,2025-01-01
HEIDELBERG,2025,2,1440000.0,2025-04-01
HEIDELBERG HEIGHTS,2025,1,900000.0,2025-01-01
HEIDELBERG HEIGHTS,2025,2,891500.0,2025-04-01
HEIDELBERG WEST,2025,1,835000.0,2025-01-01
HEIDELBERG WEST,2025,2,750000.0,2025-04-01
HEPBURN,2025,1,490000.0,2025-01-01
HEPBURN,2025,2,600000.0,2025-04-01
HEPBURN SPRINGS,2025,1,825000.0,2025-01-01
HEPBURN SPRINGS,2025,2,756000.0,2025-04-01
HERNE HILL,2025,1,710000.0,2025-01-01
HERNE HILL,2025,2,705000.0,2025-04-01
HEYFIELD,2025,1,400000.0,2025-01-01
HEYFIELD,2025,2,396000.0,2025-04-01
HEYWOOD,2025,1,322500.0,2025-01-01
HEYWOOD,2025,2,353000.0,2025-04-01
HIGHETT,2025,1,1451000.0,2025-01-01
HIGHETT,2025,2,1555000.0,2025-04-01
HIGHTON,2025,1,850000.0,2025-01-01
HIGHTON,2025,2,892500.0,2025-04-01
HILLSIDE (MELTON),2025,1,825000.0,2025-01-01
HILLSIDE (MELTON),2025,2,789300.0,2025-04-01
HOPETOUN,2025,1,185000.0,2025-01-01
HOPETOUN,2025,2,155000.0,2025-04-01
HOPPERS CROSSING,2025,1,620000.0,2025-01-01
HOPPERS CROSSING,2025,2,660000.0,2025-04-01
HORSHAM,2025,1,413100.0,2025-01-01
HORSHAM,2025,2,379500.0,2025-04-01
HUGHESDALE,2025,1,1440000.0,2025-01-01
HUGHESDALE,2025,2,1500000.0,2025-04-01
HUNTINGDALE,2025,1,1260500.0,2025-01-01
HUNTINGDALE,2025,2,1155500.0,2025-04-01
HUNTLY,2025,1,549000.0,2025-01-01
HUNTLY,2025,2,567500.0,2025-04-01
HURSTBRIDGE,2025,1,990000.0,2025-01-01
HURSTBRIDGE,2025,2,910000.0,2025-04-01
INDENTED HEAD,2025,1,730000.0,2025-01-01
INDENTED HEAD,2025,2,825000.0,2025-04-01
INGLEWOOD,2025,1,425000.0,2025-01-01
INGLEWOOD,2025,2,422500.0,2025-04-01
INVERLOCH,2025,1,850000.0,2025-01-01
INVERLOCH,2025,2,792500.0,2025-04-01
INVERMAY PARK,2025,1,605000.0,2025-01-01
INVERMAY PARK,2025,2,700000.0,2025-04-01
IRONBARK,2025,1,475000.0,2025-01-01
IRONBARK,2025,2,622500.0,2025-04-01
IRYMPLE,2025,1,645000.0,2025-01-01
IRYMPLE,2025,2,625000.0,2025-04-01
IVANHOE,2025,1,2162500.0,2025-01-01
IVANHOE,2025,2,2025000.0,2025-04-01
IVANHOE EAST,2025,1,2355000.0,2025-01-01
IVANHOE EAST,2025,2,2732500.0,2025-04-01
JACANA,2025,1,623500.0,2025-01-01
JACANA,2025,2,620000.0,2025-04-01
JACKASS FLAT,2025,1,545000.0,2025-01-01
JACKASS FLAT,2025,2,632300.0,2025-04-01
JAMIESON,2025,1,565000.0,2025-01-01
JAMIESON,2025,2,525000.0,2025-04-01
JAN JUC,2025,1,1232500.0,2025-01-01
JAN JUC,2025,2,1295000.0,2025-04-01
JEERALANG NORTH,2025,1,410000.0,2025-01-01
JEERALANG NORTH,2025,2,442500.0,2025-04-01
JEPARIT,2025,1,191500.0,2025-01-01
JEPARIT,2025,2,149000.0,2025-04-01
JUNCTION VILLAGE,2025,1,662500.0,2025-01-01
JUNCTION VILLAGE,2025,2,700000.0,2025-04-01
JUNORTOUN,2025,1,806000.0,2025-01-01
JUNORTOUN,2025,2,967500.0,2025-04-01
KALIMNA,2025,1,557500.0,2025-01-01
KALIMNA,2025,2,470000.0,2025-04-01
KALKALLO,2025,1,630000.0,2025-01-01
KALKALLO,2025,2,637500.0,2025-04-01
KALLISTA,2025,1,900000.0,2025-01-01
KALLISTA,2025,2,890000.0,2025-04-01
KALORAMA,2025,1,815000.0,2025-01-01
KALORAMA,2025,2,1121500.0,2025-04-01
KANGAROO FLAT,2025,1,556300.0,2025-01-01
KANGAROO FLAT,2025,2,555000.0,2025-04-01
KANGAROO GROUND SOUTH,2025,1,1001000.0,2025-01-01
KANGAROO GROUND SOUTH,2025,2,1362500.0,2025-04-01
KANIVA,2025,1,156000.0,2025-01-01
KANIVA,2025,2,182000.0,2025-04-01
KEALBA,2025,1,707500.0,2025-01-01
KEALBA,2025,2,773000.0,2025-04-01
KEILOR,2025,1,1262000.0,2025-01-01
KEILOR,2025,2,1090000.0,2025-04-01
KEILOR DOWNS,2025,1,815000.0,2025-01-01
KEILOR DOWNS,2025,2,888800.0,2025-04-01
KEILOR EAST,2025,1,930000.0,2025-01-01
KEILOR EAST,2025,2,1000000.0,2025-04-01
KEILOR LODGE,2025,1,1007500.0,2025-01-01
KEILOR LODGE,2025,2,1097500.0,2025-04-01
KEILOR PARK,2025,1,850000.0,2025-01-01
KEILOR PARK,2025,2,795000.0,2025-04-01
KENNINGTON,2025,1,582500.0,2025-01-01
KENNINGTON,2025,2,600000.0,2025-04-01
KENSINGTON,2025,1,1048000.0,2025-01-01
KENSINGTON,2025,2,1138300.0,2025-04-01
KERANG,2025,1,357000.0,2025-01-01
KERANG,2025,2,312500.0,2025-04-01
KEW,2025,1,2950000.0,2025-01-01
KEW,2025,2,2810500.0,2025-04-01
KEW EAST,2024,2,2955000.0,2024-04-01
KEW EAST,2024,3,1500000.0,2024-07-01
KEW NORTH,2025,1,2150000.0,2025-01-01
KEW NORTH,2025,2,2250000.0,2025-04-01
KEYSBOROUGH,2025,1,950000.0,2025-01-01
KEYSBOROUGH,2025,2,980000.0,2025-04-01
KIALLA,2025,1,708000.0,2025-01-01
KIALLA,2025,2,677500.0,2025-04-01
KILLARA (WODONGA),2025,1,641500.0,2025-01-01
KILLARA (WODONGA),2025,2,648900.0,2025-04-01
KILMORE,2025,1,615000.0,2025-01-01
KILMORE,2025,2,590000.0,2025-04-01
KILSYTH,2025,1,790000.0,2025-01-01
KILSYTH,2025,2,837500.0,2025-04-01
KILSYTH SOUTH,2025,1,1190000.0,2025-01-01
KILSYTH SOUTH,2025,2,994000.0,2025-04-01
KINGLAKE,2025,1,730000.0,2025-01-01
KINGLAKE,2025,2,780000.0,2025-04-01
KINGS PARK,2025,1,620000.0,2025-01-01
KINGS PARK,2025,2,652500.0,2025-04-01
KINGSBURY,2025,1,791800.0,2025-01-01
KINGSBURY,2025,2,845000.0,2025-04-01
KINGSVILLE,2025,1,1337500.0,2025-01-01
KINGSVILLE,2025,2,1200000.0,2025-04-01
KNOXFIELD,2025,1,1100000.0,2025-01-01
KNOXFIELD,2025,2,1170000.0,2025-04-01
KOO WEE RUP,2025,1,735000.0,2025-01-01
KOO WEE RUP,2025,2,695000.0,2025-04-01
KOONDROOK,2025,1,510000.0,2025-01-01
KOONDROOK,2025,2,350000.0,2025-04-01
KOROIT,2025,1,625000.0,2025-01-01
KOROIT,2025,2,595000.0,2025-04-01
KORUMBURRA,2025,1,572500.0,2025-01-01
KORUMBURRA,2025,2,520000.0,2025-04-01
KURUNJANG,2025,1,542000.0,2025-01-01
KURUNJANG,2025,2,551000.0,2025-04-01
KYABRAM,2025,1,453500.0,2025-01-01
KYABRAM,2025,2,495000.0,2025-04-01
KYNETON,2025,1,799000.0,2025-01-01
KYNETON,2025,2,797000.0,2025-04-01
LAKE BOGA,2025,1,310000.0,2025-01-01
LAKE BOGA,2025,2,370000.0,2025-04-01
LAKE GARDENS,2025,1,701000.0,2025-01-01
LAKE GARDENS,2025,2,601500.0,2025-04-01
LAKE TYERS BEACH,2025,1,500000.0,2025-01-01
LAKE TYERS BEACH,2025,2,602500.0,2025-04-01
LAKE WENDOUREE,2025,1,725000.0,2025-01-01
LAKE WENDOUREE,2025,2,795000.0,2025-04-01
LAKES ENTRANCE,2025,1,475000.0,2025-01-01
LAKES ENTRANCE,2025,2,520000.0,2025-04-01
LALOR,2025,1,717500.0,2025-01-01
LALOR,2025,2,737500.0,2025-04-01
LANCEFIELD,2025,1,607500.0,2025-01-01
LANCEFIELD,2025,2,740000.0,2025-04-01
LANG LANG,2025,1,715000.0,2025-01-01
LANG LANG,2025,2,720000.0,2025-04-01
LANGWARRIN,2025,1,842500.0,2025-01-01
LANGWARRIN,2025,2,872000.0,2025-04-01
LARA,2025,1,655000.0,2025-01-01
LARA,2025,2,687500.0,2025-04-01
LARA LAKE,2025,1,677000.0,2025-01-01
LARA LAKE,2025,2,688800.0,2025-04-01
LAUNCHING PLACE,2025,1,702500.0,2025-01-01
LAUNCHING PLACE,2025,2,706300.0,2025-04-01
LAVERTON,2025,1,600500.0,2025-01-01
LAVERTON,2025,2,605000.0,2025-04-01
LAVERTON SOUTH,2025,1,710500.0,2025-01-01
LAVERTON SOUTH,2025,2,755000.0,2025-04-01
LENEVA,2025,1,657500.0,2025-01-01
LENEVA,2025,2,727500.0,2025-04-01
LEONGATHA,2025,1,556500.0,2025-01-01
LEONGATHA,2025,2,615000.0,2025-04-01
LEOPOLD,2025,1,651000.0,2025-01-01
LEOPOLD,2025,2,675000.0,2025-04-01
LILYDALE,2025,1,870500.0,2025-01-01
LILYDALE,2025,2,957500.0,2025-04-01
LISMORE,2025,1,210000.0,2025-01-01
LISMORE,2025,2,210000.0,2025-04-01
LOCH SPORT,2025,1,408500.0,2025-01-01
LOCH SPORT,2025,2,315000.0,2025-04-01
LOCKINGTON,2025,1,390000.0,2025-01-01
LOCKINGTON,2025,2,362500.0,2025-04-01
LONG GULLY,2025,1,470500.0,2025-01-01
LONG GULLY,2025,2,480000.0,2025-04-01
LONGWARRY,2025,1,613800.0,2025-01-01
LONGWARRY,2025,2,585000.0,2025-04-01
LORNE,2025,1,2100000.0,2025-01-01
LORNE,2025,2,1695000.0,2025-04-01
LOVELY BANKS,2025,1,710000.0,2025-01-01
LOVELY BANKS,2025,2,698000.0,2025-04-01
LOWER PLENTY,2025,1,1600000.0,2025-01-01
LOWER PLENTY,2025,2,1207500.0,2025-04-01
LUCAS,2025,1,617500.0,2025-01-01
LUCAS,2025,2,625000.0,2025-04-01
LUCKNOW,2025,1,515000.0,2025-01-01
LUCKNOW,2025,2,630000.0,2025-04-01
LYNBROOK,2025,1,840000.0,2025-01-01
LYNBROOK,2025,2,835000.0,2025-04-01
LYNDHURST,2025,1,940000.0,2025-01-01
LYNDHURST,2025,2,942500.0,2025-04-01
LYSTERFIELD,2025,1,1460000.0,2025-01-01
LYSTERFIELD,2025,2,1275000.0,2025-04-01
LYSTERFIELD SOUTH,2023,4,1405000.0,2023-10-01
LYSTERFIELD SOUTH,2024,1,1676300.0,2024-01-01
MACARTHUR,2025,1,310000.0,2025-01-01
MACARTHUR,2025,2,475000.0,2025-04-01
MACEDON,2025,1,660000.0,2025-01-01
MACEDON,2025,2,700000.0,2025-04-01
MACLEOD,2025,1,1028500.0,2025-01-01
MACLEOD,2025,2,1122500.0,2025-04-01
MADDINGLEY,2025,1,600000.0,2025-01-01
MADDINGLEY,2025,2,650000.0,2025-04-01
MAFFRA,2025,1,495000.0,2025-01-01
MAFFRA,2025,2,412500.0,2025-04-01
MAIDEN GULLY,2025,1,780000.0,2025-01-01
MAIDEN GULLY,2025,2,795000.0,2025-04-01
MAIDSTONE,2025,1,847500.0,2025-01-01
MAIDSTONE,2025,2,929000.0,2025-04-01
MALDON,2025,1,690000.0,2025-01-01
MALDON,2025,2,595000.0,2025-04-01
MALLACOOTA,2025,1,400000.0,2025-01-01
MALLACOOTA,2025,2,613000.0,2025-04-01
MALMSBURY,2025,1,765000.0,2025-01-01
MALMSBURY,2025,2,705000.0,2025-04-01
MALVERN,2025,1,3245000.0,2025-01-01
MALVERN,2025,2,2500000.0,2025-04-01
MALVERN EAST,2025,1,2000100.0,2025-01-01
MALVERN EAST,2025,2,2437500.0,2025-04-01
MAMBOURIN,2025,1,609500.0,2025-01-01
MAMBOURIN,2025,2,607500.0,2025-04-01
MANIFOLD HEIGHTS,2025,1,923800.0,2025-01-01
MANIFOLD HEIGHTS,2025,2,1200000.0,2025-04-01
MANOR LAKES,2025,1,650000.0,2025-01-01
MANOR LAKES,2025,2,650000.0,2025-04-01
MANSFIELD,2025,1,750000.0,2025-01-01
MANSFIELD,2025,2,815000.0,2025-04-01
MARIBYRNONG,2025,1,1088500.0,2025-01-01
MARIBYRNONG,2025,2,1255000.0,2025-04-01
MARONG,2025,1,600000.0,2025-01-01
MARONG,2025,2,672500.0,2025-04-01
MARSHALL,2025,1,662500.0,2025-01-01
MARSHALL,2025,2,660000.0,2025-04-01
MARYBOROUGH,2025,1,380300.0,2025-01-01
MARYBOROUGH,2025,2,379500.0,2025-04-01
MCCRAE,2025,1,1200000.0,2025-01-01
MCCRAE,2025,2,1455000.0,2025-04-01
MCKENZIE HILL,2025,1,760000.0,2025-01-01
MCKENZIE HILL,2025,2,860000.0,2025-04-01
MCKINNON,2025,1,1875000.0,2025-01-01
MCKINNON,2025,2,1850000.0,2025-04-01
MEADOW HEIGHTS,2025,1,645000.0,2025-01-01
MEADOW HEIGHTS,2025,2,670000.0,2025-04-01
MELTON,2025,1,490000.0,2025-01-01
MELTON,2025,2,510000.0,2025-04-01
MELTON SOUTH,2025,1,554500.0,2025-01-01
MELTON SOUTH,2025,2,525500.0,2025-04-01
MELTON WEST,2025,1,545000.0,2025-01-01
MELTON WEST,2025,2,563500.0,2025-04-01
MENTONE,2025,1,1295000.0,2025-01-01
MENTONE,2025,2,1487000.0,2025-04-01
MERBEIN,2025,1,356300.0,2025-01-01
MERBEIN,2025,2,420000.0,2025-04-01
MEREDITH,2024,1,540000.0,2024-01-01
MEREDITH,2024,2,540000.0,2024-04-01
MERINDA PARK,2025,1,665500.0,2025-01-01
MERINDA PARK,2025,2,650000.0,2025-04-01
MERNDA,2025,1,730000.0,2025-01-01
MERNDA,2025,2,725000.0,2025-04-01
MERRIGUM,2024,2,267500.0,2024-04-01
MERRIGUM,2024,3,257500.0,2024-07-01
METUNG,2025,1,665000.0,2025-01-01
METUNG,2025,2,520000.0,2025-04-01
MICKLEHAM,2025,1,687000.0,2025-01-01
MICKLEHAM,2025,2,700000.0,2025-04-01
MIDDLE PARK,2025,1,3210000.0,2025-01-01
MIDDLE PARK,2025,2,2352500.0,2025-04-01
MILDURA,2025,1,485000.0,2025-01-01
MILDURA,2025,2,518500.0,2025-04-01
MILL PARK,2025,1,815500.0,2025-01-01
MILL PARK,2025,2,830000.0,2025-04-01
MILLGROVE,2025,1,607500.0,2025-01-01
MILLGROVE,2025,2,620000.0,2025-04-01
MINERS REST,2025,1,540000.0,2025-01-01
MINERS REST,2025,2,587500.0,2025-04-01
MINYIP,2025,1,160000.0,2025-01-01
MINYIP,2025,2,180000.0,2025-04-01
MIRBOO NORTH,2025,1,527500.0,2025-01-01
MIRBOO NORTH,2025,2,495000.0,2025-04-01
MITCHAM,2025,1,1234000.0,2025-01-01
MITCHAM,2025,2,1235000.0,2025-04-01
MOE,2025,1,345000.0,2025-01-01
MOE,2025,2,433000.0,2025-04-01
MONBULK,2025,1,715000.0,2025-01-01
MONBULK,2025,2,795000.0,2025-04-01
MONT ALBERT,2025,1,2620000.0,2025-01-01
MONT ALBERT,2025,2,3210000.0,2025-04-01
MONT ALBERT NORTH,2025,1,1922500.0,2025-01-01
MONT ALBERT NORTH,2025,2,1405000.0,2025-04-01
MONTMORENCY,2025,1,1165000.0,2025-01-01
MONTMORENCY,2025,2,1150000.0,2025-04-01
MONTROSE,2025,1,910000.0,2025-01-01
MONTROSE,2025,2,985000.0,2025-04-01
MOONEE PONDS,2025,1,1395000.0,2025-01-01
MOONEE PONDS,2025,2,1500000.0,2025-04-01
MOORABBIN,2025,1,1240000.0,2025-01-01
MOORABBIN,2025,2,1210500.0,2025-04-01
MOOROOLBARK,2025,1,862000.0,2025-01-01
MOOROOLBARK,2025,2,880000.0,2025-04-01
MOOROOPNA,2025,1,465000.0,2025-01-01
MOOROOPNA,2025,2,432500.0,2025-04-01
MORDIALLOC,2025,1,1390000.0,2025-01-01
MORDIALLOC,2025,2,1387500.0,2025-04-01
MORNINGTON,2025,1,1050000.0,2025-01-01
MORNINGTON,2025,2,925000.0,2025-04-01
MORTLAKE,2025,1,385000.0,2025-01-01
MORTLAKE,2025,2,220000.0,2025-04-01
MORWELL,2025,1,351000.0,2025-01-01
MORWELL,2025,2,355000.0,2025-04-01
MOUNT BEAUTY,2025,1,542500.0,2025-01-01
MOUNT BEAUTY,2025,2,480000.0,2025-04-01
MOUNT CLEAR,2025,1,585000.0,2025-01-01
MOUNT CLEAR,2025,2,536000.0,2025-04-01
MOUNT COTTRELL,2025,1,439500.0,2025-01-01
MOUNT COTTRELL,2025,2,749000.0,2025-04-01
MOUNT DANDENONG,2025,1,820000.0,2025-01-01
MOUNT DANDENONG,2025,2,1100000.0,2025-04-01
MOUNT DUNEED,2025,1,710000.0,2025-01-01
MOUNT DUNEED,2025,2,710000.0,2025-04-01
MOUNT ELIZA,2025,1,1615000.0,2025-01-01
MOUNT ELIZA,2025,2,1650000.0,2025-04-01
MOUNT EVELYN,2025,1,865000.0,2025-01-01
MOUNT EVELYN,2025,2,850000.0,2025-04-01
MOUNT HELEN,2025,1,580000.0,2025-01-01
MOUNT HELEN,2025,2,597500.0,2025-04-01
MOUNT MARTHA,2025,1,1485000.0,2025-01-01
MOUNT MARTHA,2025,2,1710000.0,2025-04-01
MOUNT PLEASANT,2025,1,505000.0,2025-01-01
MOUNT PLEASANT,2025,2,500000.0,2025-04-01
MOUNT WAVERLEY,2025,1,1597500.0,2025-01-01
MOUNT WAVERLEY,2025,2,1640000.0,2025-04-01
MULGRAVE,2025,1,1150000.0,2025-01-01
MULGRAVE,2025,2,1098500.0,2025-04-01
MURCHISON,2024,2,445000.0,2024-04-01
MURCHISON,2024,3,515000.0,2024-07-01
MURRUMBEENA,2025,1,1599000.0,2025-01-01
MURRUMBEENA,2025,2,1950000.0,2025-04-01
MURTOA,2025,1,529000.0,2025-01-01
MURTOA,2025,2,175000.0,2025-04-01
MYRTLEFORD,2025,1,520000.0,2025-01-01
MYRTLEFORD,2025,2,750000.0,2025-04-01
NAGAMBIE,2025,1,628500.0,2025-01-01
NAGAMBIE,2025,2,518000.0,2025-04-01
NAR NAR GOON NORTH,2025,1,730000.0,2025-01-01
NAR NAR GOON NORTH,2025,2,599000.0,2025-04-01
NARRE WARREN,2025,1,755500.0,2025-01-01
NARRE WARREN,2025,2,790000.0,2025-04-01
NARRE WARREN NORTH,2025,1,1400000.0,2025-01-01
NARRE WARREN NORTH,2025,2,1700000.0,2025-04-01
NARRE WARREN SOUTH,2025,1,796800.0,2025-01-01
NARRE WARREN SOUTH,2025,2,820000.0,2025-04-01
NATHALIA,2025,1,449000.0,2025-01-01
NATHALIA,2025,2,378500.0,2025-04-01
NEERIM SOUTH,2025,1,690000.0,2025-01-01
NEERIM SOUTH,2025,2,640000.0,2025-04-01
NERRINA,2025,1,580000.0,2025-01-01
NERRINA,2025,2,803000.0,2025-04-01
NEW GISBORNE,2025,1,776000.0,2025-01-01
NEW GISBORNE,2025,2,915000.0,2025-04-01
NEWBOROUGH,2025,1,455000.0,2025-01-01
NEWBOROUGH,2025,2,475000.0,2025-04-01
NEWCOMB,2025,1,550000.0,2025-01-01
NEWCOMB,2025,2,567500.0,2025-04-01
NEWINGTON,2025,1,611000.0,2025-01-01
NEWINGTON,2025,2,640000.0,2025-04-01
NEWLANDS ARM,2025,1,580000.0,2025-01-01
NEWLANDS ARM,2025,2,820000.0,2025-04-01
NEWPORT,2025,1,1382500.0,2025-01-01
NEWPORT,2025,2,1270000.0,2025-04-01
NEWTOWN (GREATER GEELONG),2025,1,980000.0,2025-01-01
NEWTOWN (GREATER GEELONG),2025,2,900000.0,2025-04-01
NHILL,2025,1,270000.0,2025-01-01
NHILL,2025,2,203000.0,2025-04-01
NICHOLS POINT,2025,1,540000.0,2025-01-01
NICHOLS POINT,2025,2,540000.0,2025-04-01
NIDDRIE,2025,1,1271500.0,2025-01-01
NIDDRIE,2025,2,1375000.0,2025-04-01
NOBLE PARK,2025,1,777500.0,2025-01-01
NOBLE PARK,2025,2,820000.0,2025-04-01
NOBLE PARK NORTH,2025,1,767500.0,2025-01-01
NOBLE PARK NORTH,2025,2,806500.0,2025-04-01
NORLANE,2025,1,445000.0,2025-01-01
NORLANE,2025,2,466000.0,2025-04-01
NORTH BENDIGO,2025,1,497500.0,2025-01-01
NORTH BENDIGO,2025,2,560000.0,2025-04-01
NORTH GEELONG,2025,1,650000.0,2025-01-01
NORTH GEELONG,2025,2,641000.0,2025-04-01
NORTH MELBOURNE,2025,1,1267000.0,2025-01-01
NORTH MELBOURNE,2025,2,1326000.0,2025-04-01
NORTH SHORE,2025,1,677500.0,2025-01-01
NORTH SHORE,2025,2,830000.0,2025-04-01
NORTH WONTHAGGI,2025,1,512500.0,2025-01-01
NORTH WONTHAGGI,2025,2,614500.0,2025-04-01
NORTHCOTE,2025,1,1720000.0,2025-01-01
NORTHCOTE,2025,2,1724500.0,2025-04-01
NOTTING HILL,2025,1,1228000.0,2025-01-01
NOTTING HILL,2025,2,1175000.0,2025-04-01
NUMURKAH,2025,1,420000.0,2025-01-01
NUMURKAH,2025,2,380000.0,2025-04-01
NUNAWADING,2025,1,1175000.0,2025-01-01
NUNAWADING,2025,2,1180000.0,2025-04-01
NYAH,2025,1,315000.0,2025-01-01
NYAH,2025,2,290000.0,2025-04-01
NYAH WEST,2025,1,277500.0,2025-01-01
NYAH WEST,2025,2,70000.0,2025-04-01
OAK PARK,2025,1,1153500.0,2025-01-01
OAK PARK,2025,2,1170000.0,2025-04-01
OAKLEIGH,2025,1,1260000.0,2025-01-01
OAKLEIGH,2025,2,1351000.0,2025-04-01
OAKLEIGH EAST,2025,1,1226000.0,2025-01-01
OAKLEIGH EAST,2025,2,1135000.0,2025-04-01
OAKLEIGH SOUTH,2025,1,1170000.0,2025-01-01
OAKLEIGH SOUTH,2025,2,1245300.0,2025-04-01
OCEAN GROVE,2025,1,910000.0,2025-01-01
OCEAN GROVE,2025,2,960000.0,2025-04-01
OFFICER,2025,1,729000.0,2025-01-01
OFFICER,2025,2,750000.0,2025-04-01
OFFICER SOUTH,2025,1,915000.0,2025-01-01
OFFICER SOUTH,2025,2,896000.0,2025-04-01
OLINDA,2025,1,1000000.0,2025-01-01
OLINDA,2025,2,942500.0,2025-04-01
ORBOST,2025,1,308000.0,2025-01-01
ORBOST,2025,2,360000.0,2025-04-01
ORMOND,2025,1,1788000.0,2025-01-01
ORMOND,2025,2,1575000.0,2025-04-01
OSBORNE,2025,1,1170000.0,2025-01-01
OSBORNE,2025,2,1011500.0,2025-04-01
OUYEN,2025,1,260000.0,2025-01-01
OUYEN,2025,2,200000.0,2025-04-01
PAKENHAM,2025,1,670000.0,2025-01-01
PAKENHAM,2025,2,690000.0,2025-04-01
PARADISE BEACH,2025,1,270000.0,2025-01-01
PARADISE BEACH,2025,2,335000.0,2025-04-01
PARK ORCHARDS,2025,1,2205000.0,2025-01-01
PARK ORCHARDS,2025,2,2039500.0,2025-04-01
PARKDALE,2025,1,1524900.0,2025-01-01
PARKDALE,2025,2,1588000.0,2025-04-01
PARKVILLE,2025,1,1635000.0,2025-01-01
PARKVILLE,2025,2,2025000.0,2025-04-01
PASCOE VALE,2025,1,1170000.0,2025-01-01
PASCOE VALE,2025,2,1207000.0,2025-04-01
PASCOE VALE SOUTH,2025,1,1222500.0,2025-01-01
PASCOE VALE SOUTH,2025,2,1227500.0,2025-04-01
PATTERSON GARDENS,2025,1,1140000.0,2025-01-01
PATTERSON GARDENS,2025,2,1265000.0,2025-04-01
PATTERSON LAKES,2025,1,1023000.0,2025-01-01
PATTERSON LAKES,2025,2,1575000.0,2025-04-01
PAYNESVILLE,2025,1,555000.0,2025-01-01
PAYNESVILLE,2025,2,521500.0,2025-04-01
PEARCEDALE,2025,1,820000.0,2025-01-01
PEARCEDALE,2025,2,952500.0,2025-04-01
PENSHURST,2024,2,265000.0,2024-04-01
PENSHURST,2024,3,332500.0,2024-07-01
PETERBOROUGH,2025,1,820000.0,2025-01-01
PETERBOROUGH,2025,2,650000.0,2025-04-01
PIONEER BAY,2025,1,458000.0,2025-01-01
PIONEER BAY,2025,2,510500.0,2025-04-01
PLENTY,2024,2,1697500.0,2024-04-01
PLENTY,2024,3,1480000.0,2024-07-01
POINT COOK,2025,1,817500.0,2025-01-01
POINT COOK,2025,2,800000.0,2025-04-01
POINT LONSDALE,2025,1,1207500.0,2025-01-01
POINT LONSDALE,2025,2,1200000.0,2025-04-01
POREPUNKAH,2025,1,1100000.0,2025-01-01
POREPUNKAH,2025,2,925000.0,2025-04-01
PORT ALBERT,2024,1,512500.0,2024-01-01
PORT ALBERT,2024,2,357500.0,2024-04-01
PORT FAIRY,2025,1,835000.0,2025-01-01
PORT FAIRY,2025,2,918800.0,2025-04-01
PORT MELBOURNE,2025,1,1635000.0,2025-01-01
PORT MELBOURNE,2025,2,1500000.0,2025-04-01
PORTARLINGTON,2025,1,837500.0,2025-01-01
PORTARLINGTON,2025,2,890000.0,2025-04-01
PORTLAND,2025,1,445000.0,2025-01-01
PORTLAND,2025,2,397500.0,2025-04-01
PORTSEA,2025,1,4600000.0,2025-01-01
PORTSEA,2025,2,2825000.0,2025-04-01
PRAHRAN,2025,1,1825000.0,2025-01-01
PRAHRAN,2025,2,1667500.0,2025-04-01
PRESTON,2025,1,1100000.0,2025-01-01
PRESTON,2025,2,1230000.0,2025-04-01
PRINCES HILL,2025,1,1467500.0,2025-01-01
PRINCES HILL,2025,2,1800000.0,2025-04-01
PYRAMID HILL,2024,2,315000.0,2024-04-01
PYRAMID HILL,2024,3,270000.0,2024-07-01
QUARRY HILL,2025,1,541500.0,2025-01-01
QUARRY HILL,2025,2,625000.0,2025-04-01
QUEENSCLIFF,2025,1,1800000.0,2025-01-01
QUEENSCLIFF,2025,2,1450000.0,2025-04-01
RAINBOW,2025,1,300000.0,2025-01-01
RAINBOW,2025,2,220000.0,2025-04-01
RAWSON,2025,1,402500.0,2025-01-01
RAWSON,2025,2,358500.0,2025-04-01
RAYMOND ISLAND,2025,1,437000.0,2025-01-01
RAYMOND ISLAND,2025,2,580000.0,2025-04-01
RED CLIFFS,2025,1,420000.0,2025-01-01
RED CLIFFS,2025,2,408800.0,2025-04-01
RED HILL,2025,1,1595000.0,2025-01-01
RED HILL,2025,2,1232500.0,2025-04-01
REDAN,2025,1,472500.0,2025-01-01
REDAN,2025,2,470000.0,2025-04-01
RESEARCH,2025,1,1500000.0,2025-01-01
RESEARCH,2025,2,1530500.0,2025-04-01
RESERVOIR,2025,1,925000.0,2025-01-01
RESERVOIR,2025,2,920000.0,2025-04-01
RHYLL,2025,1,840000.0,2025-01-01
RHYLL,2025,2,730500.0,2025-04-01
RICHMOND,2025,1,1425500.0,2025-01-01
RICHMOND,2025,2,1435000.0,2025-04-01
RIDDELLS CREEK,2025,1,805000.0,2025-01-01
RIDDELLS CREEK,2025,2,720000.0,2025-04-01
RINGWOOD,2025,1,1085500.0,2025-01-01
RINGWOOD,2025,2,1002500.0,2025-04-01
RINGWOOD EAST,2025,1,1090000.0,2025-01-01
RINGWOOD EAST,2025,2,1050000.0,2025-04-01
RINGWOOD NORTH,2025,1,1220000.0,2025-01-01
RINGWOOD NORTH,2025,2,1182300.0,2025-04-01
RIPPLESIDE,2025,1,2032500.0,2025-01-01
RIPPLESIDE,2025,2,1230000.0,2025-04-01
RIPPONLEA,2025,1,1815000.0,2025-01-01
RIPPONLEA,2025,2,1870000.0,2025-04-01
ROBINVALE,2025,1,477000.0,2025-01-01
ROBINVALE,2025,2,364400.0,2025-04-01
ROCHESTER,2025,1,475000.0,2025-01-01
ROCHESTER,2025,2,442500.0,2025-04-01
ROCKBANK,2025,1,560500.0,2025-01-01
ROCKBANK,2025,2,620800.0,2025-04-01
ROMSEY,2025,1,766000.0,2025-01-01
ROMSEY,2025,2,705000.0,2025-04-01
ROSANNA,2025,1,1325000.0,2025-01-01
ROSANNA,2025,2,1365500.0,2025-04-01
ROSEBUD,2025,1,730000.0,2025-01-01
ROSEBUD,2025,2,756300.0,2025-04-01
ROSEBUD SOUTH,2025,1,1090000.0,2025-01-01
ROSEBUD SOUTH,2025,2,1002500.0,2025-04-01
ROSEDALE,2025,1,525000.0,2025-01-01
ROSEDALE,2025,2,440000.0,2025-04-01
ROWVILLE,2025,1,1110000.0,2025-01-01
ROWVILLE,2025,2,1150000.0,2025-04-01
ROXBURGH PARK,2025,1,685000.0,2025-01-01
ROXBURGH PARK,2025,2,683000.0,2025-04-01
RUPANYUP,2025,1,165000.0,2025-01-01
RUPANYUP,2025,2,185000.0,2025-04-01
RUSHWORTH,2024,2,296300.0,2024-04-01
RUSHWORTH,2024,3,437500.0,2024-07-01
RUTHERGLEN,2025,1,561500.0,2025-01-01
RUTHERGLEN,2025,2,545000.0,2025-04-01
RYE,2025,1,920000.0,2025-01-01
RYE,2025,2,960000.0,2025-04-01
SAFETY BEACH,2025,1,1140000.0,2025-01-01
SAFETY BEACH,2025,2,1055000.0,2025-04-01
SAILORS GULLY,2025,1,404000.0,2025-01-01
SAILORS GULLY,2025,2,460000.0,2025-04-01
SALE,2025,1,510000.0,2025-01-01
SALE,2025,2,488000.0,2025-04-01
SAN REMO,2025,1,925000.0,2025-01-01
SAN REMO,2025,2,965000.0,2025-04-01
SANCTUARY LAKES,2025,1,797500.0,2025-01-01
SANCTUARY LAKES,2025,2,845800.0,2025-04-01
SANDHURST,2025,1,1100000.0,2025-01-01
SANDHURST,2025,2,1100000.0,2025-04-01
SANDRINGHAM,2025,1,2077500.0,2025-01-01
SANDRINGHAM,2025,2,2107500.0,2025-04-01
SASSAFRAS,2025,1,930000.0,2025-01-01
SASSAFRAS,2025,2,940000.0,2025-04-01
SCORESBY,2025,1,930000.0,2025-01-01
SCORESBY,2025,2,1000000.0,2025-04-01
SEA LAKE,2025,1,328500.0,2025-01-01
SEA LAKE,2025,2,230000.0,2025-04-01
SEABROOK,2025,1,765000.0,2025-01-01
SEABROOK,2025,2,745000.0,2025-04-01
SEAFORD,2025,1,856000.0,2025-01-01
SEAFORD,2025,2,880000.0,2025-04-01
SEAHOLME,2025,1,1110000.0,2025-01-01
SEAHOLME,2025,2,1055000.0,2025-04-01
SEBASTOPOL,2025,1,447500.0,2025-01-01
SEBASTOPOL,2025,2,465000.0,2025-04-01
SEDDON,2025,1,1062500.0,2025-01-01
SEDDON,2025,2,1100000.0,2025-04-01
SELBY,2025,1,810000.0,2025-01-01
SELBY,2025,2,930000.0,2025-04-01
SEVILLE,2025,1,790000.0,2025-01-01
SEVILLE,2025,2,885000.0,2025-04-01
SEYMOUR,2025,1,443000.0,2025-01-01
SEYMOUR,2025,2,467500.0,2025-04-01
SHEPPARTON,2025,1,471000.0,2025-01-01
SHEPPARTON,2025,2,476000.0,2025-04-01
SHEPPARTON NORTH,2025,1,580000.0,2025-01-01
SHEPPARTON NORTH,2025,2,680000.0,2025-04-01
SHOREHAM,2025,1,1925000.0,2025-01-01
SHOREHAM,2025,2,1637500.0,2025-04-01
SKYE,2025,1,795000.0,2025-01-01
SKYE,2025,2,817000.0,2025-04-01
SMITHS BEACH,2025,1,1025000.0,2025-01-01
SMITHS BEACH,2025,2,846000.0,2025-04-01
SMYTHES CREEK,2025,1,506500.0,2025-01-01
SMYTHES CREEK,2025,2,559000.0,2025-04-01
SMYTHESDALE,2025,1,470000.0,2025-01-01
SMYTHESDALE,2025,2,555000.0,2025-04-01
SOLDIERS HILL,2025,1,520000.0,2025-01-01
SOLDIERS HILL,2025,2,574000.0,2025-04-01
SOMERS,2025,1,1187500.0,2025-01-01
SOMERS,2025,2,1387500.0,2025-04-01
SOMERVILLE,2025,1,890000.0,2025-01-01
SOMERVILLE,2025,2,790000.0,2025-04-01
SORRENTO,2025,1,1790000.0,2025-01-01
SORRENTO,2025,2,1642500.0,2025-04-01
SOUTH DUDLEY,2025,1,467500.0,2025-01-01
SOUTH DUDLEY,2025,2,489500.0,2025-04-01
SOUTH GEELONG,2025,1,635000.0,2025-01-01
SOUTH GEELONG,2025,2,682500.0,2025-04-01
SOUTH KINGSVILLE,2025,1,1050000.0,2025-01-01
SOUTH KINGSVILLE,2025,2,1306300.0,2025-04-01
SOUTH MELBOURNE,2025,1,1620000.0,2025-01-01
SOUTH MELBOURNE,2025,2,1760000.0,2025-04-01
SOUTH MORANG,2025,1,743800.0,2025-01-01
SOUTH MORANG,2025,2,805000.0,2025-04-01
SOUTH YARRA,2025,1,1620000.0,2025-01-01
SOUTH YARRA,2025,2,2100000.0,2025-04-01
SPOTSWOOD,2025,1,1415000.0,2025-01-01
SPOTSWOOD,2025,2,1200000.0,2025-04-01
SPRING GULLY,2025,1,605000.0,2025-01-01
SPRING GULLY,2025,2,616300.0,2025-04-01
SPRINGVALE,2025,1,860000.0,2025-01-01
SPRINGVALE,2025,2,931500.0,2025-04-01
SPRINGVALE SOUTH,2025,1,785000.0,2025-01-01
SPRINGVALE SOUTH,2025,2,830000.0,2025-04-01
ST ALBANS,2025,1,650000.0,2025-01-01
ST ALBANS,2025,2,680000.0,2025-04-01
ST ALBANS PARK,2025,1,608800.0,2025-01-01
ST ALBANS PARK,2025,2,651300.0,2025-04-01
ST ANDREWS BEACH,2025,1,1250000.0,2025-01-01
ST ANDREWS BEACH,2025,2,1355000.0,2025-04-01
ST ARNAUD,2025,1,300000.0,2025-01-01
ST ARNAUD,2025,2,317500.0,2025-04-01
ST HELENA,2025,1,1125000.0,2025-01-01
ST HELENA,2025,2,1070000.0,2025-04-01
ST KILDA,2025,1,1423000.0,2025-01-01
ST KILDA,2025,2,1810000.0,2025-04-01
ST KILDA EAST,2025,1,1600000.0,2025-01-01
ST KILDA EAST,2025,2,1520000.0,2025-04-01
ST KILDA WEST,2025,1,2760000.0,2025-01-01
ST KILDA WEST,2025,2,2300000.0,2025-04-01
ST LEONARDS,2025,1,702500.0,2025-01-01
ST LEONARDS,2025,2,650000.0,2025-04-01
STANHOPE,2025,1,342500.0,2025-01-01
STANHOPE,2025,2,319000.0,2025-04-01
STAWELL,2025,1,337500.0,2025-01-01
STAWELL,2025,2,380000.0,2025-04-01
STRATFORD,2025,1,497500.0,2025-01-01
STRATFORD,2025,2,486500.0,2025-04-01
STRATHDALE,2025,1,685000.0,2025-01-01
STRATHDALE,2025,2,660000.0,2025-04-01
STRATHFIELDSAYE,2025,1,703500.0,2025-01-01
STRATHFIELDSAYE,2025,2,680000.0,2025-04-01
STRATHMERTON,2025,1,162000.0,2025-01-01
STRATHMERTON,2025,2,440000.0,2025-04-01
STRATHMORE,2025,1,1561500.0,2025-01-01
STRATHMORE,2025,2,1705000.0,2025-04-01
STRATHMORE HEIGHTS,2025,1,1075000.0,2025-01-01
STRATHMORE HEIGHTS,2025,2,1080000.0,2025-04-01
STRATHTULLOH,2025,1,625000.0,2025-01-01
STRATHTULLOH,2025,2,635000.0,2025-04-01
STUDFIELD,2025,1,1105000.0,2025-01-01
STUDFIELD,2025,2,1043500.0,2025-04-01
SUNBURY,2025,1,680000.0,2025-01-01
SUNBURY,2025,2,675000.0,2025-04-01
SUNDERLAND BAY,2025,1,617500.0,2025-01-01
SUNDERLAND BAY,2025,2,635000.0,2025-04-01
SUNNYCLIFFS,2025,1,341500.0,2025-01-01
SUNNYCLIFFS,2025,2,430000.0,2025-04-01
SUNSET STRIP,2025,1,530000.0,2025-01-01
SUNSET STRIP,2025,2,590000.0,2025-04-01
SUNSHINE,2025,1,750000.0,2025-01-01
SUNSHINE,2025,2,823000.0,2025-04-01
SUNSHINE NORTH,2025,1,720000.0,2025-01-01
SUNSHINE NORTH,2025,2,755000.0,2025-04-01
SUNSHINE WEST,2025,1,710500.0,2025-01-01
SUNSHINE WEST,2025,2,712500.0,2025-04-01
SURF BEACH,2025,1,700000.0,2025-01-01
SURF BEACH,2025,2,740000.0,2025-04-01
SURREY HILLS,2025,1,2534400.0,2025-01-01
SURREY HILLS,2025,2,2260000.0,2025-04-01
SWAN HILL,2025,1,545000.0,2025-01-01
SWAN HILL,2025,2,480300.0,2025-04-01
SWAN REACH,2025,1,655000.0,2025-01-01
SWAN REACH,2025,2,638500.0,2025-04-01
SYDENHAM,2025,1,690000.0,2025-01-01
SYDENHAM,2025,2,750500.0,2025-04-01
SYNDAL,2025,1,1736000.0,2025-01-01
SYNDAL,2025,2,1753000.0,2025-04-01
TALLANGATTA,2025,1,402000.0,2025-01-01
TALLANGATTA,2025,2,535000.0,2025-04-01
TANGAMBALANGA,2025,1,700000.0,2025-01-01
TANGAMBALANGA,2025,2,715000.0,2025-04-01
TARNEIT,2025,1,650000.0,2025-01-01
TARNEIT,2025,2,665000.0,2025-04-01
TATURA,2025,1,506000.0,2025-01-01
TATURA,2025,2,521000.0,2025-04-01
TAWONGA SOUTH,2025,1,602000.0,2025-01-01
TAWONGA SOUTH,2025,2,780000.0,2025-04-01
TAYLORS HILL,2025,1,948500.0,2025-01-01
TAYLORS HILL,2025,2,932000.0,2025-04-01
TAYLORS LAKES,2025,1,990000.0,2025-01-01
TAYLORS LAKES,2025,2,908000.0,2025-04-01
TECOMA,2025,1,860000.0,2025-01-01
TECOMA,2025,2,912500.0,2025-04-01
TEMPLESTOWE,2025,1,1618000.0,2025-01-01
TEMPLESTOWE,2025,2,1587500.0,2025-04-01
TEMPLESTOWE LOWER,2025,1,1347000.0,2025-01-01
TEMPLESTOWE LOWER,2025,2,1350000.0,2025-04-01
TERANG,2025,1,515000.0,2025-01-01
TERANG,2025,2,365000.0,2025-04-01
THE BASIN,2025,1,865000.0,2025-01-01
THE BASIN,2025,2,875000.0,2025-04-01
THOMASTOWN,2025,1,730000.0,2025-01-01
THOMASTOWN,2025,2,755000.0,2025-04-01
THOMSON (GREATER GEELONG),2025,1,497000.0,2025-01-01
THOMSON (GREATER GEELONG),2025,2,583000.0,2025-04-01
THORNBURY,2025,1,1400000.0,2025-01-01
THORNBURY,2025,2,1390000.0,2025-04-01
THORNHILL PARK,2025,1,575000.0,2025-01-01
THORNHILL PARK,2025,2,600700.0,2025-04-01
TIMBOON,2025,1,447000.0,2025-01-01
TIMBOON,2025,2,577500.0,2025-04-01
TONGALA,2025,1,450000.0,2025-01-01
TONGALA,2025,2,420000.0,2025-04-01
TOONGABBIE,2025,1,430000.0,2025-01-01
TOONGABBIE,2025,2,785000.0,2025-04-01
TOORA,2024,1,540000.0,2024-01-01
TOORA,2024,2,400000.0,2024-04-01
TOORADIN,2025,1,731000.0,2025-01-01
TOORADIN,2025,2,805000.0,2025-04-01
TOORAK,2025,1,5227500.0,2025-01-01
TOORAK,2025,2,5000000.0,2025-04-01
TOOTGAROOK,2025,1,817500.0,2025-01-01
TOOTGAROOK,2025,2,915000.0,2025-04-01
TORQUAY,2025,1,1200000.0,2025-01-01
TORQUAY,2025,2,1180000.0,2025-04-01
TRAFALGAR,2025,1,541000.0,2025-01-01
TRAFALGAR,2025,2,625000.0,2025-04-01
TRARALGON,2025,1,535000.0,2025-01-01
TRARALGON,2025,2,522500.0,2025-04-01
TRARALGON EAST,2025,1,860000.0,2025-01-01
TRARALGON EAST,2025,2,735000.0,2025-04-01
TRENTHAM,2025,1,935000.0,2025-01-01
TRENTHAM,2025,2,970000.0,2025-04-01
TRUGANINA,2025,1,680000.0,2025-01-01
TRUGANINA,2025,2,670800.0,2025-04-01
TULLAMARINE,2025,1,750000.0,2025-01-01
TULLAMARINE,2025,2,800000.0,2025-04-01
TUNGAMAH,2025,1,273000.0,2025-01-01
TUNGAMAH,2025,2,327500.0,2025-04-01
TYABB,2025,1,831000.0,2025-01-01
TYABB,2025,2,790000.0,2025-04-01
UNDERBOOL,2025,1,89000.0,2025-01-01
UNDERBOOL,2025,2,200000.0,2025-04-01
UPPER FERNTREE GULLY,2025,1,916300.0,2025-01-01
UPPER FERNTREE GULLY,2025,2,920000.0,2025-04-01
UPWEY,2025,1,882500.0,2025-01-01
UPWEY,2025,2,895000.0,2025-04-01
VENTNOR,2025,1,705000.0,2025-01-01
VENTNOR,2025,2,865000.0,2025-04-01
VENUS BAY,2025,1,496500.0,2025-01-01
VENUS BAY,2025,2,454000.0,2025-04-01
VERMONT,2025,1,1199000.0,2025-01-01
VERMONT,2025,2,1395500.0,2025-04-01
VERMONT SOUTH,2025,1,1492000.0,2025-01-01
VERMONT SOUTH,2025,2,1510500.0,2025-04-01
VIEWBANK,2025,1,1136000.0,2025-01-01
VIEWBANK,2025,2,1120000.0,2025-04-01
VIOLET TOWN,2024,2,360000.0,2024-04-01
VIOLET TOWN,2024,3,540000.0,2024-07-01
WAHGUNYAH,2025,1,490000.0,2025-01-01
WAHGUNYAH,2025,2,638500.0,2025-04-01
WALLAN,2025,1,640000.0,2025-01-01
WALLAN,2025,2,640000.0,2025-04-01
WALLAN EAST,2025,1,585000.0,2025-01-01
WALLAN EAST,2025,2,587500.0,2025-04-01
WANDANA HEIGHTS,2025,1,920000.0,2025-01-01
WANDANA HEIGHTS,2025,2,1212000.0,2025-04-01
WANDIN NORTH,2025,1,1026000.0,2025-01-01
WANDIN NORTH,2025,2,785000.0,2025-04-01
WANGARATTA,2025,1,525000.0,2025-01-01
WANGARATTA,2025,2,516300.0,2025-04-01
WANTIRNA,2025,1,1108000.0,2025-01-01
WANTIRNA,2025,2,1230000.0,2025-04-01
WANTIRNA SOUTH,2025,1,1280000.0,2025-01-01
WANTIRNA SOUTH,2025,2,1362000.0,2025-04-01
WARBURTON,2025,1,633300.0,2025-01-01
WARBURTON,2025,2,745000.0,2025-04-01
WARRACKNABEAL,2025,1,220000.0,2025-01-01
WARRACKNABEAL,2025,2,205000.0,2025-04-01
WARRAGUL,2025,1,620000.0,2025-01-01
WARRAGUL,2025,2,650000.0,2025-04-01
WARRANDYTE,2025,1,1120000.0,2025-01-01
WARRANDYTE,2025,2,1330000.0,2025-04-01
WARRANWOOD,2025,1,1287500.0,2025-01-01
WARRANWOOD,2025,2,1280000.0,2025-04-01
WARRNAMBOOL,2025,1,600000.0,2025-01-01
WARRNAMBOOL,2025,2,609000.0,2025-04-01
WATERWAYS,2025,1,1489000.0,2025-01-01
WATERWAYS,2025,2,1635000.0,2025-04-01
WATSONIA,2025,1,880500.0,2025-01-01
WATSONIA,2025,2,941000.0,2025-04-01
WATSONIA NORTH,2025,1,855000.0,2025-01-01
WATSONIA NORTH,2025,2,863500.0,2025-04-01
WATTLE GLEN,2025,1,935000.0,2025-01-01
WATTLE GLEN,2025,2,1125000.0,2025-04-01
WAURN PONDS,2025,1,738000.0,2025-01-01
WAURN PONDS,2025,2,780000.0,2025-04-01
WEDDERBURN,2025,1,320000.0,2025-01-01
WEDDERBURN,2025,2,257000.0,2025-04-01
WEIR VIEWS,2025,1,565000.0,2025-01-01
WEIR VIEWS,2025,2,565000.0,2025-04-01
WENDOUREE,2025,1,460000.0,2025-01-01
WENDOUREE,2025,2,502000.0,2025-04-01
WENDOUREE WEST,2025,1,327500.0,2025-01-01
WENDOUREE WEST,2025,2,380000.0,2025-04-01
WERRIBEE,2025,1,603000.0,2025-01-01
WERRIBEE,2025,2,641000.0,2025-04-01
WERRIBEE SOUTH,2025,1,657500.0,2025-01-01
WERRIBEE SOUTH,2025,2,850000.0,2025-04-01
WEST FOOTSCRAY,2025,1,847500.0,2025-01-01
WEST FOOTSCRAY,2025,2,945000.0,2025-04-01
WEST MELBOURNE,2025,1,1455000.0,2025-01-01
WEST MELBOURNE,2025,2,1430000.0,2025-04-01
WEST WODONGA,2025,1,550000.0,2025-01-01
WEST WODONGA,2025,2,610000.0,2025-04-01
WESTALL,2025,1,916000.0,2025-01-01
WESTALL,2025,2,905000.0,2025-04-01
WESTGARTH,2025,1,1602500.0,2025-01-01
WESTGARTH,2025,2,1912500.0,2025-04-01
WESTMEADOWS,2025,1,765300.0,2025-01-01
WESTMEADOWS,2025,2,740000.0,2025-04-01
WHEELERS HILL,2025,1,1513900.0,2025-01-01
WHEELERS HILL,2025,2,1430000.0,2025-04-01
WHITE HILLS,2025,1,630000.0,2025-01-01
WHITE HILLS,2025,2,598000.0,2025-04-01
WHITTINGTON,2025,1,547000.0,2025-01-01
WHITTINGTON,2025,2,557500.0,2025-04-01
WHITTLESEA,2025,1,755000.0,2025-01-01
WHITTLESEA,2025,2,735000.0,2025-04-01
WILLIAMS LANDING,2025,1,850000.0,2025-01-01
WILLIAMS LANDING,2025,2,840000.0,2025-04-01
WILLIAMSTOWN,2025,1,1452500.0,2025-01-01
WILLIAMSTOWN,2025,2,1600000.0,2025-04-01
WILLIAMSTOWN NORTH,2025,1,1192500.0,2025-01-01
WILLIAMSTOWN NORTH,2025,2,1392500.0,2025-04-01
WIMBLEDON HEIGHTS,2025,1,594000.0,2025-01-01
WIMBLEDON HEIGHTS,2025,2,561300.0,2025-04-01
WINCHELSEA,2025,1,662500.0,2025-01-01
WINCHELSEA,2025,2,590000.0,2025-04-01
WINDSOR,2025,1,1391500.0,2025-01-01
WINDSOR,2025,2,1400000.0,2025-04-01
WINTER VALLEY,2025,1,535000.0,2025-01-01
WINTER VALLEY,2025,2,565000.0,2025-04-01
WODONGA,2025,1,615000.0,2025-01-01
WODONGA,2025,2,601000.0,2025-04-01
WOLLERT,2025,1,699000.0,2025-01-01
WOLLERT,2025,2,705000.0,2025-04-01
WONGA PARK,2025,1,1302500.0,2025-01-01
WONGA PARK,2025,2,1073500.0,2025-04-01
WONTHAGGI,2025,1,590000.0,2025-01-01
WONTHAGGI,2025,2,490000.0,2025-04-01
WOODEND,2025,1,950000.0,2025-01-01
WOODEND,2025,2,892500.0,2025-04-01
WOODSTOCK,2025,1,657000.0,2025-01-01
WOODSTOCK,2025,2,627000.0,2025-04-01
WOOLAMAI WATERS,2025,1,675000.0,2025-01-01
WOOLAMAI WATERS,2025,2,648000.0,2025-04-01
WOORI YALLOCK,2025,1,715000.0,2025-01-01
WOORI YALLOCK,2025,2,735000.0,2025-04-01
WY YUNG,2025,1,515000.0,2025-01-01
WY YUNG,2025,2,432000.0,2025-04-01
WYNDHAM VALE,2025,1,570000.0,2025-01-01
WYNDHAM VALE,2025,2,590000.0,2025-04-01
YACKANDANDAH,2025,1,614000.0,2025-01-01
YACKANDANDAH,2025,2,833000.0,2025-04-01
YALLAMBIE,2025,1,997500.0,2025-01-01
YALLAMBIE,2025,2,980000.0,2025-04-01
YALLOURN NORTH,2025,1,297500.0,2025-01-01
YALLOURN NORTH,2025,2,477500.0,2025-04-01
YARRA GLEN,2025,1,940000.0,2025-01-01
YARRA GLEN,2025,2,814500.0,2025-04-01
YARRA JUNCTION,2025,1,657500.0,2025-01-01
YARRA JUNCTION,2025,2,748000.0,2025-04-01
YARRAGON,2025,1,560000.0,2025-01-01
YARRAGON,2025,2,645000.0,2025-04-01
YARRAM,2025,1,382500.0,2025-01-01
YARRAM,2025,2,305000.0,2025-04-01
YARRAVILLE,2025,1,1100000.0,2025-01-01
YARRAVILLE,2025,2,1140000.0,2025-04-01
YARRAWONGA,2025,1,552500.0,2025-01-01
YARRAWONGA,2025,2,615000.0,2025-04-01
YEA,2025,1,745000.0,2025-01-01
YEA,2025,2,525000.0,2025-04-01
YINNAR,2025,1,422000.0,2025-01-01
YINNAR,2025,2,390000.0,2025-04-01
